hy_vla/hy_vla_robodojo_smoke/base.yaml	1758	f	664	robodojo	robodojo
hy_vla/hy_vla_robodojo_smoke/wandb_run_info.json	96	f	664	robodojo	robodojo
hy_vla/hy_vla_robodojo_umi_2gpu_20260722_143857/base.yaml	1825	f	664	robodojo	robodojo
hy_vla/hy_vla_robodojo_umi_2gpu_20260722_143857/wandb_run_info.json	148	f	664	robodojo	robodojo
hy_vla/hy_vla_robodojo_umi_2gpu_20260722_144317/base.yaml	1825	f	664	robodojo	robodojo
hy_vla/hy_vla_robodojo_umi_2gpu_20260722_144317/wandb_run_info.json	148	f	664	robodojo	robodojo
hy_vla/hy_vla_robodojo_umi_2gpu_20260723_043433/1999/model/chat_template.jinja	5826	f	664	robodojo	robodojo
hy_vla/hy_vla_robodojo_umi_2gpu_20260723_043433/1999/model/config.json	3463	f	664	robodojo	robodojo
hy_vla/hy_vla_robodojo_umi_2gpu_20260723_043433/1999/model/model.safetensors	9053587152	f	660	robodojo	robodojo
hy_vla/hy_vla_robodojo_umi_2gpu_20260723_043433/1999/model/special_tokens_map.json	488	f	664	robodojo	robodojo
hy_vla/hy_vla_robodojo_umi_2gpu_20260723_043433/1999/model/tokenizer.json	9530129	f	664	robodojo	robodojo
hy_vla/hy_vla_robodojo_umi_2gpu_20260723_043433/1999/model/tokenizer_config.json	168467	f	664	robodojo	robodojo
hy_vla/hy_vla_robodojo_umi_2gpu_20260723_043433/2999/model/chat_template.jinja	5826	f	664	robodojo	robodojo
hy_vla/hy_vla_robodojo_umi_2gpu_20260723_043433/2999/model/config.json	3463	f	664	robodojo	robodojo
hy_vla/hy_vla_robodojo_umi_2gpu_20260723_043433/2999/model/model.safetensors	9053587152	f	660	robodojo	robodojo
hy_vla/hy_vla_robodojo_umi_2gpu_20260723_043433/2999/model/special_tokens_map.json	488	f	664	robodojo	robodojo
hy_vla/hy_vla_robodojo_umi_2gpu_20260723_043433/2999/model/tokenizer.json	9530129	f	664	robodojo	robodojo
hy_vla/hy_vla_robodojo_umi_2gpu_20260723_043433/2999/model/tokenizer_config.json	168467	f	664	robodojo	robodojo
hy_vla/hy_vla_robodojo_umi_2gpu_20260723_043433/3999/model/chat_template.jinja	5826	f	664	robodojo	robodojo
hy_vla/hy_vla_robodojo_umi_2gpu_20260723_043433/3999/model/config.json	3463	f	664	robodojo	robodojo
hy_vla/hy_vla_robodojo_umi_2gpu_20260723_043433/3999/model/model.safetensors	9053587152	f	660	robodojo	robodojo
hy_vla/hy_vla_robodojo_umi_2gpu_20260723_043433/3999/model/special_tokens_map.json	488	f	664	robodojo	robodojo
hy_vla/hy_vla_robodojo_umi_2gpu_20260723_043433/3999/model/tokenizer.json	9530129	f	664	robodojo	robodojo
hy_vla/hy_vla_robodojo_umi_2gpu_20260723_043433/3999/model/tokenizer_config.json	168467	f	664	robodojo	robodojo
hy_vla/hy_vla_robodojo_umi_2gpu_20260723_043433/4999/model/chat_template.jinja	5826	f	664	robodojo	robodojo
hy_vla/hy_vla_robodojo_umi_2gpu_20260723_043433/4999/model/config.json	3463	f	664	robodojo	robodojo
hy_vla/hy_vla_robodojo_umi_2gpu_20260723_043433/4999/model/model.safetensors	9053587152	f	660	robodojo	robodojo
hy_vla/hy_vla_robodojo_umi_2gpu_20260723_043433/4999/model/special_tokens_map.json	488	f	664	robodojo	robodojo
hy_vla/hy_vla_robodojo_umi_2gpu_20260723_043433/4999/model/tokenizer.json	9530129	f	664	robodojo	robodojo
hy_vla/hy_vla_robodojo_umi_2gpu_20260723_043433/4999/model/tokenizer_config.json	168467	f	664	robodojo	robodojo
hy_vla/hy_vla_robodojo_umi_2gpu_20260723_043433/999/model/chat_template.jinja	5826	f	664	robodojo	robodojo
hy_vla/hy_vla_robodojo_umi_2gpu_20260723_043433/999/model/config.json	3463	f	664	robodojo	robodojo
hy_vla/hy_vla_robodojo_umi_2gpu_20260723_043433/999/model/model.safetensors	9053587152	f	660	robodojo	robodojo
hy_vla/hy_vla_robodojo_umi_2gpu_20260723_043433/999/model/special_tokens_map.json	488	f	664	robodojo	robodojo
hy_vla/hy_vla_robodojo_umi_2gpu_20260723_043433/999/model/tokenizer.json	9530129	f	664	robodojo	robodojo
hy_vla/hy_vla_robodojo_umi_2gpu_20260723_043433/999/model/tokenizer_config.json	168467	f	664	robodojo	robodojo
hy_vla/hy_vla_robodojo_umi_2gpu_20260723_043433/base.yaml	1824	f	664	robodojo	robodojo
hy_vla/hy_vla_robodojo_umi_2gpu_20260723_043433/final/model/chat_template.jinja	5826	f	664	robodojo	robodojo
hy_vla/hy_vla_robodojo_umi_2gpu_20260723_043433/final/model/config.json	3463	f	664	robodojo	robodojo
hy_vla/hy_vla_robodojo_umi_2gpu_20260723_043433/final/model/model.safetensors	9053587152	f	660	robodojo	robodojo
hy_vla/hy_vla_robodojo_umi_2gpu_20260723_043433/final/model/special_tokens_map.json	488	f	664	robodojo	robodojo
hy_vla/hy_vla_robodojo_umi_2gpu_20260723_043433/final/model/tokenizer.json	9530129	f	664	robodojo	robodojo
hy_vla/hy_vla_robodojo_umi_2gpu_20260723_043433/final/model/tokenizer_config.json	168467	f	664	robodojo	robodojo
hy_vla/hy_vla_robodojo_umi_2gpu_20260723_043433/wandb_run_info.json	148	f	664	robodojo	robodojo
hy_vla/hy_vla_robodojo_umi_2gpu_20260727_114427/10999/model/chat_template.jinja	5826	f	664	robodojo	robodojo
hy_vla/hy_vla_robodojo_umi_2gpu_20260727_114427/10999/model/config.json	3463	f	664	robodojo	robodojo
hy_vla/hy_vla_robodojo_umi_2gpu_20260727_114427/10999/model/model.safetensors	9053587152	f	660	robodojo	robodojo
hy_vla/hy_vla_robodojo_umi_2gpu_20260727_114427/10999/model/special_tokens_map.json	488	f	664	robodojo	robodojo
hy_vla/hy_vla_robodojo_umi_2gpu_20260727_114427/10999/model/tokenizer.json	9530129	f	664	robodojo	robodojo
hy_vla/hy_vla_robodojo_umi_2gpu_20260727_114427/10999/model/tokenizer_config.json	168467	f	664	robodojo	robodojo
hy_vla/hy_vla_robodojo_umi_2gpu_20260727_114427/11999/model/chat_template.jinja	5826	f	664	robodojo	robodojo
hy_vla/hy_vla_robodojo_umi_2gpu_20260727_114427/11999/model/config.json	3463	f	664	robodojo	robodojo
hy_vla/hy_vla_robodojo_umi_2gpu_20260727_114427/11999/model/model.safetensors	9053587152	f	660	robodojo	robodojo
hy_vla/hy_vla_robodojo_umi_2gpu_20260727_114427/11999/model/special_tokens_map.json	488	f	664	robodojo	robodojo
hy_vla/hy_vla_robodojo_umi_2gpu_20260727_114427/11999/model/tokenizer.json	9530129	f	664	robodojo	robodojo
hy_vla/hy_vla_robodojo_umi_2gpu_20260727_114427/11999/model/tokenizer_config.json	168467	f	664	robodojo	robodojo
hy_vla/hy_vla_robodojo_umi_2gpu_20260727_114427/12999/model/chat_template.jinja	5826	f	664	robodojo	robodojo
hy_vla/hy_vla_robodojo_umi_2gpu_20260727_114427/12999/model/config.json	3463	f	664	robodojo	robodojo
hy_vla/hy_vla_robodojo_umi_2gpu_20260727_114427/12999/model/model.safetensors	9053587152	f	660	robodojo	robodojo
hy_vla/hy_vla_robodojo_umi_2gpu_20260727_114427/12999/model/special_tokens_map.json	488	f	664	robodojo	robodojo
hy_vla/hy_vla_robodojo_umi_2gpu_20260727_114427/12999/model/tokenizer.json	9530129	f	664	robodojo	robodojo
hy_vla/hy_vla_robodojo_umi_2gpu_20260727_114427/12999/model/tokenizer_config.json	168467	f	664	robodojo	robodojo
hy_vla/hy_vla_robodojo_umi_2gpu_20260727_114427/13999/model/chat_template.jinja	5826	f	664	robodojo	robodojo
hy_vla/hy_vla_robodojo_umi_2gpu_20260727_114427/13999/model/config.json	3463	f	664	robodojo	robodojo
hy_vla/hy_vla_robodojo_umi_2gpu_20260727_114427/13999/model/model.safetensors	9053587152	f	660	robodojo	robodojo
hy_vla/hy_vla_robodojo_umi_2gpu_20260727_114427/13999/model/special_tokens_map.json	488	f	664	robodojo	robodojo
hy_vla/hy_vla_robodojo_umi_2gpu_20260727_114427/13999/model/tokenizer.json	9530129	f	664	robodojo	robodojo
hy_vla/hy_vla_robodojo_umi_2gpu_20260727_114427/13999/model/tokenizer_config.json	168467	f	664	robodojo	robodojo
hy_vla/hy_vla_robodojo_umi_2gpu_20260727_114427/14999/model/chat_template.jinja	5826	f	664	robodojo	robodojo
hy_vla/hy_vla_robodojo_umi_2gpu_20260727_114427/14999/model/config.json	3463	f	664	robodojo	robodojo
hy_vla/hy_vla_robodojo_umi_2gpu_20260727_114427/14999/model/model.safetensors	9053587152	f	660	robodojo	robodojo
hy_vla/hy_vla_robodojo_umi_2gpu_20260727_114427/14999/model/special_tokens_map.json	488	f	664	robodojo	robodojo
hy_vla/hy_vla_robodojo_umi_2gpu_20260727_114427/14999/model/tokenizer.json	9530129	f	664	robodojo	robodojo
hy_vla/hy_vla_robodojo_umi_2gpu_20260727_114427/14999/model/tokenizer_config.json	168467	f	664	robodojo	robodojo
hy_vla/hy_vla_robodojo_umi_2gpu_20260727_114427/15999/model/chat_template.jinja	5826	f	664	robodojo	robodojo
hy_vla/hy_vla_robodojo_umi_2gpu_20260727_114427/15999/model/config.json	3463	f	664	robodojo	robodojo
hy_vla/hy_vla_robodojo_umi_2gpu_20260727_114427/15999/model/model.safetensors	9053587152	f	660	robodojo	robodojo
hy_vla/hy_vla_robodojo_umi_2gpu_20260727_114427/15999/model/special_tokens_map.json	488	f	664	robodojo	robodojo
hy_vla/hy_vla_robodojo_umi_2gpu_20260727_114427/15999/model/tokenizer.json	9530129	f	664	robodojo	robodojo
hy_vla/hy_vla_robodojo_umi_2gpu_20260727_114427/15999/model/tokenizer_config.json	168467	f	664	robodojo	robodojo
hy_vla/hy_vla_robodojo_umi_2gpu_20260727_114427/16999/model/chat_template.jinja	5826	f	664	robodojo	robodojo
hy_vla/hy_vla_robodojo_umi_2gpu_20260727_114427/16999/model/config.json	3463	f	664	robodojo	robodojo
hy_vla/hy_vla_robodojo_umi_2gpu_20260727_114427/16999/model/model.safetensors	9053587152	f	660	robodojo	robodojo
hy_vla/hy_vla_robodojo_umi_2gpu_20260727_114427/16999/model/special_tokens_map.json	488	f	664	robodojo	robodojo
hy_vla/hy_vla_robodojo_umi_2gpu_20260727_114427/16999/model/tokenizer.json	9530129	f	664	robodojo	robodojo
hy_vla/hy_vla_robodojo_umi_2gpu_20260727_114427/16999/model/tokenizer_config.json	168467	f	664	robodojo	robodojo
hy_vla/hy_vla_robodojo_umi_2gpu_20260727_114427/17999/model/chat_template.jinja	5826	f	664	robodojo	robodojo
hy_vla/hy_vla_robodojo_umi_2gpu_20260727_114427/17999/model/config.json	3463	f	664	robodojo	robodojo
hy_vla/hy_vla_robodojo_umi_2gpu_20260727_114427/17999/model/model.safetensors	9053587152	f	660	robodojo	robodojo
hy_vla/hy_vla_robodojo_umi_2gpu_20260727_114427/17999/model/special_tokens_map.json	488	f	664	robodojo	robodojo
hy_vla/hy_vla_robodojo_umi_2gpu_20260727_114427/17999/model/tokenizer.json	9530129	f	664	robodojo	robodojo
hy_vla/hy_vla_robodojo_umi_2gpu_20260727_114427/17999/model/tokenizer_config.json	168467	f	664	robodojo	robodojo
hy_vla/hy_vla_robodojo_umi_2gpu_20260727_114427/18999/model/chat_template.jinja	5826	f	664	robodojo	robodojo
hy_vla/hy_vla_robodojo_umi_2gpu_20260727_114427/18999/model/config.json	3463	f	664	robodojo	robodojo
hy_vla/hy_vla_robodojo_umi_2gpu_20260727_114427/18999/model/model.safetensors	9053587152	f	660	robodojo	robodojo
hy_vla/hy_vla_robodojo_umi_2gpu_20260727_114427/18999/model/special_tokens_map.json	488	f	664	robodojo	robodojo
hy_vla/hy_vla_robodojo_umi_2gpu_20260727_114427/18999/model/tokenizer.json	9530129	f	664	robodojo	robodojo
hy_vla/hy_vla_robodojo_umi_2gpu_20260727_114427/18999/model/tokenizer_config.json	168467	f	664	robodojo	robodojo
hy_vla/hy_vla_robodojo_umi_2gpu_20260727_114427/1999/model/chat_template.jinja	5826	f	664	robodojo	robodojo
hy_vla/hy_vla_robodojo_umi_2gpu_20260727_114427/1999/model/config.json	3463	f	664	robodojo	robodojo
hy_vla/hy_vla_robodojo_umi_2gpu_20260727_114427/1999/model/model.safetensors	9053587152	f	660	robodojo	robodojo
hy_vla/hy_vla_robodojo_umi_2gpu_20260727_114427/1999/model/special_tokens_map.json	488	f	664	robodojo	robodojo
hy_vla/hy_vla_robodojo_umi_2gpu_20260727_114427/1999/model/tokenizer.json	9530129	f	664	robodojo	robodojo
hy_vla/hy_vla_robodojo_umi_2gpu_20260727_114427/1999/model/tokenizer_config.json	168467	f	664	robodojo	robodojo
hy_vla/hy_vla_robodojo_umi_2gpu_20260727_114427/19999/model/chat_template.jinja	5826	f	664	robodojo	robodojo
hy_vla/hy_vla_robodojo_umi_2gpu_20260727_114427/19999/model/config.json	3463	f	664	robodojo	robodojo
hy_vla/hy_vla_robodojo_umi_2gpu_20260727_114427/19999/model/model.safetensors	9053587152	f	660	robodojo	robodojo
hy_vla/hy_vla_robodojo_umi_2gpu_20260727_114427/19999/model/special_tokens_map.json	488	f	664	robodojo	robodojo
hy_vla/hy_vla_robodojo_umi_2gpu_20260727_114427/19999/model/tokenizer.json	9530129	f	664	robodojo	robodojo
hy_vla/hy_vla_robodojo_umi_2gpu_20260727_114427/19999/model/tokenizer_config.json	168467	f	664	robodojo	robodojo
hy_vla/hy_vla_robodojo_umi_2gpu_20260727_114427/20999/model/chat_template.jinja	5826	f	664	robodojo	robodojo
hy_vla/hy_vla_robodojo_umi_2gpu_20260727_114427/20999/model/config.json	3463	f	664	robodojo	robodojo
hy_vla/hy_vla_robodojo_umi_2gpu_20260727_114427/20999/model/model.safetensors	9053587152	f	660	robodojo	robodojo
hy_vla/hy_vla_robodojo_umi_2gpu_20260727_114427/20999/model/special_tokens_map.json	488	f	664	robodojo	robodojo
hy_vla/hy_vla_robodojo_umi_2gpu_20260727_114427/20999/model/tokenizer.json	9530129	f	664	robodojo	robodojo
hy_vla/hy_vla_robodojo_umi_2gpu_20260727_114427/20999/model/tokenizer_config.json	168467	f	664	robodojo	robodojo
hy_vla/hy_vla_robodojo_umi_2gpu_20260727_114427/21999/model/chat_template.jinja	5826	f	664	robodojo	robodojo
hy_vla/hy_vla_robodojo_umi_2gpu_20260727_114427/21999/model/config.json	3463	f	664	robodojo	robodojo
hy_vla/hy_vla_robodojo_umi_2gpu_20260727_114427/21999/model/model.safetensors	9053587152	f	660	robodojo	robodojo
hy_vla/hy_vla_robodojo_umi_2gpu_20260727_114427/21999/model/special_tokens_map.json	488	f	664	robodojo	robodojo
hy_vla/hy_vla_robodojo_umi_2gpu_20260727_114427/21999/model/tokenizer.json	9530129	f	664	robodojo	robodojo
hy_vla/hy_vla_robodojo_umi_2gpu_20260727_114427/21999/model/tokenizer_config.json	168467	f	664	robodojo	robodojo
hy_vla/hy_vla_robodojo_umi_2gpu_20260727_114427/22999/model/chat_template.jinja	5826	f	664	robodojo	robodojo
hy_vla/hy_vla_robodojo_umi_2gpu_20260727_114427/22999/model/config.json	3463	f	664	robodojo	robodojo
hy_vla/hy_vla_robodojo_umi_2gpu_20260727_114427/22999/model/model.safetensors	9053587152	f	660	robodojo	robodojo
hy_vla/hy_vla_robodojo_umi_2gpu_20260727_114427/22999/model/special_tokens_map.json	488	f	664	robodojo	robodojo
hy_vla/hy_vla_robodojo_umi_2gpu_20260727_114427/22999/model/tokenizer.json	9530129	f	664	robodojo	robodojo
hy_vla/hy_vla_robodojo_umi_2gpu_20260727_114427/22999/model/tokenizer_config.json	168467	f	664	robodojo	robodojo
hy_vla/hy_vla_robodojo_umi_2gpu_20260727_114427/23999/model/chat_template.jinja	5826	f	664	robodojo	robodojo
hy_vla/hy_vla_robodojo_umi_2gpu_20260727_114427/23999/model/config.json	3463	f	664	robodojo	robodojo
hy_vla/hy_vla_robodojo_umi_2gpu_20260727_114427/23999/model/model.safetensors	9053587152	f	660	robodojo	robodojo
hy_vla/hy_vla_robodojo_umi_2gpu_20260727_114427/23999/model/special_tokens_map.json	488	f	664	robodojo	robodojo
hy_vla/hy_vla_robodojo_umi_2gpu_20260727_114427/23999/model/tokenizer.json	9530129	f	664	robodojo	robodojo
hy_vla/hy_vla_robodojo_umi_2gpu_20260727_114427/23999/model/tokenizer_config.json	168467	f	664	robodojo	robodojo
hy_vla/hy_vla_robodojo_umi_2gpu_20260727_114427/24999/model/chat_template.jinja	5826	f	664	robodojo	robodojo
hy_vla/hy_vla_robodojo_umi_2gpu_20260727_114427/24999/model/config.json	3463	f	664	robodojo	robodojo
hy_vla/hy_vla_robodojo_umi_2gpu_20260727_114427/24999/model/model.safetensors	9053587152	f	660	robodojo	robodojo
hy_vla/hy_vla_robodojo_umi_2gpu_20260727_114427/24999/model/special_tokens_map.json	488	f	664	robodojo	robodojo
hy_vla/hy_vla_robodojo_umi_2gpu_20260727_114427/24999/model/tokenizer.json	9530129	f	664	robodojo	robodojo
hy_vla/hy_vla_robodojo_umi_2gpu_20260727_114427/24999/model/tokenizer_config.json	168467	f	664	robodojo	robodojo
hy_vla/hy_vla_robodojo_umi_2gpu_20260727_114427/25999/model/chat_template.jinja	5826	f	664	robodojo	robodojo
hy_vla/hy_vla_robodojo_umi_2gpu_20260727_114427/25999/model/config.json	3463	f	664	robodojo	robodojo
hy_vla/hy_vla_robodojo_umi_2gpu_20260727_114427/25999/model/model.safetensors	9053587152	f	660	robodojo	robodojo
hy_vla/hy_vla_robodojo_umi_2gpu_20260727_114427/25999/model/special_tokens_map.json	488	f	664	robodojo	robodojo
hy_vla/hy_vla_robodojo_umi_2gpu_20260727_114427/25999/model/tokenizer.json	9530129	f	664	robodojo	robodojo
hy_vla/hy_vla_robodojo_umi_2gpu_20260727_114427/25999/model/tokenizer_config.json	168467	f	664	robodojo	robodojo
hy_vla/hy_vla_robodojo_umi_2gpu_20260727_114427/26999/model/chat_template.jinja	5826	f	664	robodojo	robodojo
hy_vla/hy_vla_robodojo_umi_2gpu_20260727_114427/26999/model/config.json	3463	f	664	robodojo	robodojo
hy_vla/hy_vla_robodojo_umi_2gpu_20260727_114427/26999/model/model.safetensors	9053587152	f	660	robodojo	robodojo
hy_vla/hy_vla_robodojo_umi_2gpu_20260727_114427/26999/model/special_tokens_map.json	488	f	664	robodojo	robodojo
hy_vla/hy_vla_robodojo_umi_2gpu_20260727_114427/26999/model/tokenizer.json	9530129	f	664	robodojo	robodojo
hy_vla/hy_vla_robodojo_umi_2gpu_20260727_114427/26999/model/tokenizer_config.json	168467	f	664	robodojo	robodojo
hy_vla/hy_vla_robodojo_umi_2gpu_20260727_114427/27999/model/chat_template.jinja	5826	f	664	robodojo	robodojo
hy_vla/hy_vla_robodojo_umi_2gpu_20260727_114427/27999/model/config.json	3463	f	664	robodojo	robodojo
hy_vla/hy_vla_robodojo_umi_2gpu_20260727_114427/27999/model/model.safetensors	9053587152	f	660	robodojo	robodojo
hy_vla/hy_vla_robodojo_umi_2gpu_20260727_114427/27999/model/special_tokens_map.json	488	f	664	robodojo	robodojo
hy_vla/hy_vla_robodojo_umi_2gpu_20260727_114427/27999/model/tokenizer.json	9530129	f	664	robodojo	robodojo
hy_vla/hy_vla_robodojo_umi_2gpu_20260727_114427/27999/model/tokenizer_config.json	168467	f	664	robodojo	robodojo
hy_vla/hy_vla_robodojo_umi_2gpu_20260727_114427/28999/model/chat_template.jinja	5826	f	664	robodojo	robodojo
hy_vla/hy_vla_robodojo_umi_2gpu_20260727_114427/28999/model/config.json	3463	f	664	robodojo	robodojo
hy_vla/hy_vla_robodojo_umi_2gpu_20260727_114427/28999/model/model.safetensors	9053587152	f	660	robodojo	robodojo
hy_vla/hy_vla_robodojo_umi_2gpu_20260727_114427/28999/model/special_tokens_map.json	488	f	664	robodojo	robodojo
hy_vla/hy_vla_robodojo_umi_2gpu_20260727_114427/28999/model/tokenizer.json	9530129	f	664	robodojo	robodojo
hy_vla/hy_vla_robodojo_umi_2gpu_20260727_114427/28999/model/tokenizer_config.json	168467	f	664	robodojo	robodojo
hy_vla/hy_vla_robodojo_umi_2gpu_20260727_114427/2999/model/chat_template.jinja	5826	f	664	robodojo	robodojo
hy_vla/hy_vla_robodojo_umi_2gpu_20260727_114427/2999/model/config.json	3463	f	664	robodojo	robodojo
hy_vla/hy_vla_robodojo_umi_2gpu_20260727_114427/2999/model/model.safetensors	9053587152	f	660	robodojo	robodojo
hy_vla/hy_vla_robodojo_umi_2gpu_20260727_114427/2999/model/special_tokens_map.json	488	f	664	robodojo	robodojo
hy_vla/hy_vla_robodojo_umi_2gpu_20260727_114427/2999/model/tokenizer.json	9530129	f	664	robodojo	robodojo
hy_vla/hy_vla_robodojo_umi_2gpu_20260727_114427/2999/model/tokenizer_config.json	168467	f	664	robodojo	robodojo
hy_vla/hy_vla_robodojo_umi_2gpu_20260727_114427/29999/model/chat_template.jinja	5826	f	664	robodojo	robodojo
hy_vla/hy_vla_robodojo_umi_2gpu_20260727_114427/29999/model/config.json	3463	f	664	robodojo	robodojo
hy_vla/hy_vla_robodojo_umi_2gpu_20260727_114427/29999/model/model.safetensors	9053587152	f	660	robodojo	robodojo
hy_vla/hy_vla_robodojo_umi_2gpu_20260727_114427/29999/model/special_tokens_map.json	488	f	664	robodojo	robodojo
hy_vla/hy_vla_robodojo_umi_2gpu_20260727_114427/29999/model/tokenizer.json	9530129	f	664	robodojo	robodojo
hy_vla/hy_vla_robodojo_umi_2gpu_20260727_114427/29999/model/tokenizer_config.json	168467	f	664	robodojo	robodojo
hy_vla/hy_vla_robodojo_umi_2gpu_20260727_114427/30999/model/chat_template.jinja	5826	f	664	robodojo	robodojo
hy_vla/hy_vla_robodojo_umi_2gpu_20260727_114427/30999/model/config.json	3463	f	664	robodojo	robodojo
hy_vla/hy_vla_robodojo_umi_2gpu_20260727_114427/30999/model/model.safetensors	9053587152	f	660	robodojo	robodojo
hy_vla/hy_vla_robodojo_umi_2gpu_20260727_114427/30999/model/special_tokens_map.json	488	f	664	robodojo	robodojo
hy_vla/hy_vla_robodojo_umi_2gpu_20260727_114427/30999/model/tokenizer.json	9530129	f	664	robodojo	robodojo
hy_vla/hy_vla_robodojo_umi_2gpu_20260727_114427/30999/model/tokenizer_config.json	168467	f	664	robodojo	robodojo
hy_vla/hy_vla_robodojo_umi_2gpu_20260727_114427/31999/model/chat_template.jinja	5826	f	664	robodojo	robodojo
hy_vla/hy_vla_robodojo_umi_2gpu_20260727_114427/31999/model/config.json	3463	f	664	robodojo	robodojo
hy_vla/hy_vla_robodojo_umi_2gpu_20260727_114427/31999/model/model.safetensors	9053587152	f	660	robodojo	robodojo
hy_vla/hy_vla_robodojo_umi_2gpu_20260727_114427/31999/model/special_tokens_map.json	488	f	664	robodojo	robodojo
hy_vla/hy_vla_robodojo_umi_2gpu_20260727_114427/31999/model/tokenizer.json	9530129	f	664	robodojo	robodojo
hy_vla/hy_vla_robodojo_umi_2gpu_20260727_114427/31999/model/tokenizer_config.json	168467	f	664	robodojo	robodojo
hy_vla/hy_vla_robodojo_umi_2gpu_20260727_114427/32999/model/chat_template.jinja	5826	f	664	robodojo	robodojo
hy_vla/hy_vla_robodojo_umi_2gpu_20260727_114427/32999/model/config.json	3463	f	664	robodojo	robodojo
hy_vla/hy_vla_robodojo_umi_2gpu_20260727_114427/32999/model/model.safetensors	9053587152	f	660	robodojo	robodojo
hy_vla/hy_vla_robodojo_umi_2gpu_20260727_114427/32999/model/special_tokens_map.json	488	f	664	robodojo	robodojo
hy_vla/hy_vla_robodojo_umi_2gpu_20260727_114427/32999/model/tokenizer.json	9530129	f	664	robodojo	robodojo
hy_vla/hy_vla_robodojo_umi_2gpu_20260727_114427/32999/model/tokenizer_config.json	168467	f	664	robodojo	robodojo
hy_vla/hy_vla_robodojo_umi_2gpu_20260727_114427/33999/model/chat_template.jinja	5826	f	664	robodojo	robodojo
hy_vla/hy_vla_robodojo_umi_2gpu_20260727_114427/33999/model/config.json	3463	f	664	robodojo	robodojo
hy_vla/hy_vla_robodojo_umi_2gpu_20260727_114427/33999/model/model.safetensors	9053587152	f	660	robodojo	robodojo
hy_vla/hy_vla_robodojo_umi_2gpu_20260727_114427/33999/model/special_tokens_map.json	488	f	664	robodojo	robodojo
hy_vla/hy_vla_robodojo_umi_2gpu_20260727_114427/33999/model/tokenizer.json	9530129	f	664	robodojo	robodojo
hy_vla/hy_vla_robodojo_umi_2gpu_20260727_114427/33999/model/tokenizer_config.json	168467	f	664	robodojo	robodojo
hy_vla/hy_vla_robodojo_umi_2gpu_20260727_114427/34999/model/chat_template.jinja	5826	f	664	robodojo	robodojo
hy_vla/hy_vla_robodojo_umi_2gpu_20260727_114427/34999/model/config.json	3463	f	664	robodojo	robodojo
hy_vla/hy_vla_robodojo_umi_2gpu_20260727_114427/34999/model/model.safetensors	9053587152	f	660	robodojo	robodojo
hy_vla/hy_vla_robodojo_umi_2gpu_20260727_114427/34999/model/special_tokens_map.json	488	f	664	robodojo	robodojo
hy_vla/hy_vla_robodojo_umi_2gpu_20260727_114427/34999/model/tokenizer.json	9530129	f	664	robodojo	robodojo
hy_vla/hy_vla_robodojo_umi_2gpu_20260727_114427/34999/model/tokenizer_config.json	168467	f	664	robodojo	robodojo
hy_vla/hy_vla_robodojo_umi_2gpu_20260727_114427/35999/model/chat_template.jinja	5826	f	664	robodojo	robodojo
hy_vla/hy_vla_robodojo_umi_2gpu_20260727_114427/35999/model/config.json	3463	f	664	robodojo	robodojo
hy_vla/hy_vla_robodojo_umi_2gpu_20260727_114427/35999/model/model.safetensors	9053587152	f	660	robodojo	robodojo
hy_vla/hy_vla_robodojo_umi_2gpu_20260727_114427/35999/model/special_tokens_map.json	488	f	664	robodojo	robodojo
hy_vla/hy_vla_robodojo_umi_2gpu_20260727_114427/35999/model/tokenizer.json	9530129	f	664	robodojo	robodojo
hy_vla/hy_vla_robodojo_umi_2gpu_20260727_114427/35999/model/tokenizer_config.json	168467	f	664	robodojo	robodojo
hy_vla/hy_vla_robodojo_umi_2gpu_20260727_114427/36999/model/chat_template.jinja	5826	f	664	robodojo	robodojo
hy_vla/hy_vla_robodojo_umi_2gpu_20260727_114427/36999/model/config.json	3463	f	664	robodojo	robodojo
hy_vla/hy_vla_robodojo_umi_2gpu_20260727_114427/36999/model/model.safetensors	9053587152	f	660	robodojo	robodojo
hy_vla/hy_vla_robodojo_umi_2gpu_20260727_114427/36999/model/special_tokens_map.json	488	f	664	robodojo	robodojo
hy_vla/hy_vla_robodojo_umi_2gpu_20260727_114427/36999/model/tokenizer.json	9530129	f	664	robodojo	robodojo
hy_vla/hy_vla_robodojo_umi_2gpu_20260727_114427/36999/model/tokenizer_config.json	168467	f	664	robodojo	robodojo
hy_vla/hy_vla_robodojo_umi_2gpu_20260727_114427/37999/model/chat_template.jinja	5826	f	664	robodojo	robodojo
hy_vla/hy_vla_robodojo_umi_2gpu_20260727_114427/37999/model/config.json	3463	f	664	robodojo	robodojo
hy_vla/hy_vla_robodojo_umi_2gpu_20260727_114427/37999/model/model.safetensors	9053587152	f	660	robodojo	robodojo
hy_vla/hy_vla_robodojo_umi_2gpu_20260727_114427/37999/model/special_tokens_map.json	488	f	664	robodojo	robodojo
hy_vla/hy_vla_robodojo_umi_2gpu_20260727_114427/37999/model/tokenizer.json	9530129	f	664	robodojo	robodojo
hy_vla/hy_vla_robodojo_umi_2gpu_20260727_114427/37999/model/tokenizer_config.json	168467	f	664	robodojo	robodojo
hy_vla/hy_vla_robodojo_umi_2gpu_20260727_114427/38999/model/chat_template.jinja	5826	f	664	robodojo	robodojo
hy_vla/hy_vla_robodojo_umi_2gpu_20260727_114427/38999/model/config.json	3463	f	664	robodojo	robodojo
hy_vla/hy_vla_robodojo_umi_2gpu_20260727_114427/38999/model/model.safetensors	9053587152	f	660	robodojo	robodojo
hy_vla/hy_vla_robodojo_umi_2gpu_20260727_114427/38999/model/special_tokens_map.json	488	f	664	robodojo	robodojo
hy_vla/hy_vla_robodojo_umi_2gpu_20260727_114427/38999/model/tokenizer.json	9530129	f	664	robodojo	robodojo
hy_vla/hy_vla_robodojo_umi_2gpu_20260727_114427/38999/model/tokenizer_config.json	168467	f	664	robodojo	robodojo
hy_vla/hy_vla_robodojo_umi_2gpu_20260727_114427/3999/model/chat_template.jinja	5826	f	664	robodojo	robodojo
hy_vla/hy_vla_robodojo_umi_2gpu_20260727_114427/3999/model/config.json	3463	f	664	robodojo	robodojo
hy_vla/hy_vla_robodojo_umi_2gpu_20260727_114427/3999/model/model.safetensors	9053587152	f	660	robodojo	robodojo
hy_vla/hy_vla_robodojo_umi_2gpu_20260727_114427/3999/model/special_tokens_map.json	488	f	664	robodojo	robodojo
hy_vla/hy_vla_robodojo_umi_2gpu_20260727_114427/3999/model/tokenizer.json	9530129	f	664	robodojo	robodojo
hy_vla/hy_vla_robodojo_umi_2gpu_20260727_114427/3999/model/tokenizer_config.json	168467	f	664	robodojo	robodojo
hy_vla/hy_vla_robodojo_umi_2gpu_20260727_114427/39999/model/chat_template.jinja	5826	f	664	robodojo	robodojo
hy_vla/hy_vla_robodojo_umi_2gpu_20260727_114427/39999/model/config.json	3463	f	664	robodojo	robodojo
hy_vla/hy_vla_robodojo_umi_2gpu_20260727_114427/39999/model/model.safetensors	9053587152	f	660	robodojo	robodojo
hy_vla/hy_vla_robodojo_umi_2gpu_20260727_114427/39999/model/special_tokens_map.json	488	f	664	robodojo	robodojo
hy_vla/hy_vla_robodojo_umi_2gpu_20260727_114427/39999/model/tokenizer.json	9530129	f	664	robodojo	robodojo
hy_vla/hy_vla_robodojo_umi_2gpu_20260727_114427/39999/model/tokenizer_config.json	168467	f	664	robodojo	robodojo
hy_vla/hy_vla_robodojo_umi_2gpu_20260727_114427/40999/model/chat_template.jinja	5826	f	664	robodojo	robodojo
hy_vla/hy_vla_robodojo_umi_2gpu_20260727_114427/40999/model/config.json	3463	f	664	robodojo	robodojo
hy_vla/hy_vla_robodojo_umi_2gpu_20260727_114427/40999/model/model.safetensors	9053587152	f	660	robodojo	robodojo
hy_vla/hy_vla_robodojo_umi_2gpu_20260727_114427/40999/model/special_tokens_map.json	488	f	664	robodojo	robodojo
hy_vla/hy_vla_robodojo_umi_2gpu_20260727_114427/40999/model/tokenizer.json	9530129	f	664	robodojo	robodojo
hy_vla/hy_vla_robodojo_umi_2gpu_20260727_114427/40999/model/tokenizer_config.json	168467	f	664	robodojo	robodojo
hy_vla/hy_vla_robodojo_umi_2gpu_20260727_114427/41999/model/chat_template.jinja	5826	f	664	robodojo	robodojo
hy_vla/hy_vla_robodojo_umi_2gpu_20260727_114427/41999/model/config.json	3463	f	664	robodojo	robodojo
hy_vla/hy_vla_robodojo_umi_2gpu_20260727_114427/41999/model/model.safetensors	9053587152	f	660	robodojo	robodojo
hy_vla/hy_vla_robodojo_umi_2gpu_20260727_114427/41999/model/special_tokens_map.json	488	f	664	robodojo	robodojo
hy_vla/hy_vla_robodojo_umi_2gpu_20260727_114427/41999/model/tokenizer.json	9530129	f	664	robodojo	robodojo
hy_vla/hy_vla_robodojo_umi_2gpu_20260727_114427/41999/model/tokenizer_config.json	168467	f	664	robodojo	robodojo
hy_vla/hy_vla_robodojo_umi_2gpu_20260727_114427/42999/model/chat_template.jinja	5826	f	664	robodojo	robodojo
hy_vla/hy_vla_robodojo_umi_2gpu_20260727_114427/42999/model/config.json	3463	f	664	robodojo	robodojo
hy_vla/hy_vla_robodojo_umi_2gpu_20260727_114427/42999/model/model.safetensors	9053587152	f	660	robodojo	robodojo
hy_vla/hy_vla_robodojo_umi_2gpu_20260727_114427/42999/model/special_tokens_map.json	488	f	664	robodojo	robodojo
hy_vla/hy_vla_robodojo_umi_2gpu_20260727_114427/42999/model/tokenizer.json	9530129	f	664	robodojo	robodojo
hy_vla/hy_vla_robodojo_umi_2gpu_20260727_114427/42999/model/tokenizer_config.json	168467	f	664	robodojo	robodojo
hy_vla/hy_vla_robodojo_umi_2gpu_20260727_114427/43999/model/chat_template.jinja	5826	f	664	robodojo	robodojo
hy_vla/hy_vla_robodojo_umi_2gpu_20260727_114427/43999/model/config.json	3463	f	664	robodojo	robodojo
hy_vla/hy_vla_robodojo_umi_2gpu_20260727_114427/43999/model/model.safetensors	9053587152	f	660	robodojo	robodojo
hy_vla/hy_vla_robodojo_umi_2gpu_20260727_114427/43999/model/special_tokens_map.json	488	f	664	robodojo	robodojo
hy_vla/hy_vla_robodojo_umi_2gpu_20260727_114427/43999/model/tokenizer.json	9530129	f	664	robodojo	robodojo
hy_vla/hy_vla_robodojo_umi_2gpu_20260727_114427/43999/model/tokenizer_config.json	168467	f	664	robodojo	robodojo
hy_vla/hy_vla_robodojo_umi_2gpu_20260727_114427/44999/model/chat_template.jinja	5826	f	664	robodojo	robodojo
hy_vla/hy_vla_robodojo_umi_2gpu_20260727_114427/44999/model/config.json	3463	f	664	robodojo	robodojo
hy_vla/hy_vla_robodojo_umi_2gpu_20260727_114427/44999/model/model.safetensors	9053587152	f	660	robodojo	robodojo
hy_vla/hy_vla_robodojo_umi_2gpu_20260727_114427/44999/model/special_tokens_map.json	488	f	664	robodojo	robodojo
hy_vla/hy_vla_robodojo_umi_2gpu_20260727_114427/44999/model/tokenizer.json	9530129	f	664	robodojo	robodojo
hy_vla/hy_vla_robodojo_umi_2gpu_20260727_114427/44999/model/tokenizer_config.json	168467	f	664	robodojo	robodojo
hy_vla/hy_vla_robodojo_umi_2gpu_20260727_114427/45999/model/chat_template.jinja	5826	f	664	robodojo	robodojo
hy_vla/hy_vla_robodojo_umi_2gpu_20260727_114427/45999/model/config.json	3463	f	664	robodojo	robodojo
hy_vla/hy_vla_robodojo_umi_2gpu_20260727_114427/45999/model/model.safetensors	9053587152	f	660	robodojo	robodojo
hy_vla/hy_vla_robodojo_umi_2gpu_20260727_114427/45999/model/special_tokens_map.json	488	f	664	robodojo	robodojo
hy_vla/hy_vla_robodojo_umi_2gpu_20260727_114427/45999/model/tokenizer.json	9530129	f	664	robodojo	robodojo
hy_vla/hy_vla_robodojo_umi_2gpu_20260727_114427/45999/model/tokenizer_config.json	168467	f	664	robodojo	robodojo
hy_vla/hy_vla_robodojo_umi_2gpu_20260727_114427/46999/model/chat_template.jinja	5826	f	664	robodojo	robodojo
hy_vla/hy_vla_robodojo_umi_2gpu_20260727_114427/46999/model/config.json	3463	f	664	robodojo	robodojo
hy_vla/hy_vla_robodojo_umi_2gpu_20260727_114427/46999/model/model.safetensors	9053587152	f	660	robodojo	robodojo
hy_vla/hy_vla_robodojo_umi_2gpu_20260727_114427/46999/model/special_tokens_map.json	488	f	664	robodojo	robodojo
hy_vla/hy_vla_robodojo_umi_2gpu_20260727_114427/46999/model/tokenizer.json	9530129	f	664	robodojo	robodojo
hy_vla/hy_vla_robodojo_umi_2gpu_20260727_114427/46999/model/tokenizer_config.json	168467	f	664	robodojo	robodojo
hy_vla/hy_vla_robodojo_umi_2gpu_20260727_114427/47999/model/chat_template.jinja	5826	f	664	robodojo	robodojo
hy_vla/hy_vla_robodojo_umi_2gpu_20260727_114427/47999/model/config.json	3463	f	664	robodojo	robodojo
hy_vla/hy_vla_robodojo_umi_2gpu_20260727_114427/47999/model/model.safetensors	9053587152	f	660	robodojo	robodojo
hy_vla/hy_vla_robodojo_umi_2gpu_20260727_114427/47999/model/special_tokens_map.json	488	f	664	robodojo	robodojo
hy_vla/hy_vla_robodojo_umi_2gpu_20260727_114427/47999/model/tokenizer.json	9530129	f	664	robodojo	robodojo
hy_vla/hy_vla_robodojo_umi_2gpu_20260727_114427/47999/model/tokenizer_config.json	168467	f	664	robodojo	robodojo
hy_vla/hy_vla_robodojo_umi_2gpu_20260727_114427/48999/model/chat_template.jinja	5826	f	664	robodojo	robodojo
hy_vla/hy_vla_robodojo_umi_2gpu_20260727_114427/48999/model/config.json	3463	f	664	robodojo	robodojo
hy_vla/hy_vla_robodojo_umi_2gpu_20260727_114427/48999/model/model.safetensors	9053587152	f	660	robodojo	robodojo
hy_vla/hy_vla_robodojo_umi_2gpu_20260727_114427/48999/model/special_tokens_map.json	488	f	664	robodojo	robodojo
hy_vla/hy_vla_robodojo_umi_2gpu_20260727_114427/48999/model/tokenizer.json	9530129	f	664	robodojo	robodojo
hy_vla/hy_vla_robodojo_umi_2gpu_20260727_114427/48999/model/tokenizer_config.json	168467	f	664	robodojo	robodojo
hy_vla/hy_vla_robodojo_umi_2gpu_20260727_114427/4999/model/chat_template.jinja	5826	f	664	robodojo	robodojo
hy_vla/hy_vla_robodojo_umi_2gpu_20260727_114427/4999/model/config.json	3463	f	664	robodojo	robodojo
hy_vla/hy_vla_robodojo_umi_2gpu_20260727_114427/4999/model/model.safetensors	9053587152	f	660	robodojo	robodojo
hy_vla/hy_vla_robodojo_umi_2gpu_20260727_114427/4999/model/special_tokens_map.json	488	f	664	robodojo	robodojo
hy_vla/hy_vla_robodojo_umi_2gpu_20260727_114427/4999/model/tokenizer.json	9530129	f	664	robodojo	robodojo
hy_vla/hy_vla_robodojo_umi_2gpu_20260727_114427/4999/model/tokenizer_config.json	168467	f	664	robodojo	robodojo
hy_vla/hy_vla_robodojo_umi_2gpu_20260727_114427/49999/model/chat_template.jinja	5826	f	664	robodojo	robodojo
hy_vla/hy_vla_robodojo_umi_2gpu_20260727_114427/49999/model/config.json	3463	f	664	robodojo	robodojo
hy_vla/hy_vla_robodojo_umi_2gpu_20260727_114427/49999/model/model.safetensors	9053587152	f	660	robodojo	robodojo
hy_vla/hy_vla_robodojo_umi_2gpu_20260727_114427/49999/model/special_tokens_map.json	488	f	664	robodojo	robodojo
hy_vla/hy_vla_robodojo_umi_2gpu_20260727_114427/49999/model/tokenizer.json	9530129	f	664	robodojo	robodojo
hy_vla/hy_vla_robodojo_umi_2gpu_20260727_114427/49999/model/tokenizer_config.json	168467	f	664	robodojo	robodojo
hy_vla/hy_vla_robodojo_umi_2gpu_20260727_114427/5999/model/chat_template.jinja	5826	f	664	robodojo	robodojo
hy_vla/hy_vla_robodojo_umi_2gpu_20260727_114427/5999/model/config.json	3463	f	664	robodojo	robodojo
hy_vla/hy_vla_robodojo_umi_2gpu_20260727_114427/5999/model/model.safetensors	9053587152	f	660	robodojo	robodojo
hy_vla/hy_vla_robodojo_umi_2gpu_20260727_114427/5999/model/special_tokens_map.json	488	f	664	robodojo	robodojo
hy_vla/hy_vla_robodojo_umi_2gpu_20260727_114427/5999/model/tokenizer.json	9530129	f	664	robodojo	robodojo
hy_vla/hy_vla_robodojo_umi_2gpu_20260727_114427/5999/model/tokenizer_config.json	168467	f	664	robodojo	robodojo
hy_vla/hy_vla_robodojo_umi_2gpu_20260727_114427/6999/model/chat_template.jinja	5826	f	664	robodojo	robodojo
hy_vla/hy_vla_robodojo_umi_2gpu_20260727_114427/6999/model/config.json	3463	f	664	robodojo	robodojo
hy_vla/hy_vla_robodojo_umi_2gpu_20260727_114427/6999/model/model.safetensors	9053587152	f	660	robodojo	robodojo
hy_vla/hy_vla_robodojo_umi_2gpu_20260727_114427/6999/model/special_tokens_map.json	488	f	664	robodojo	robodojo
hy_vla/hy_vla_robodojo_umi_2gpu_20260727_114427/6999/model/tokenizer.json	9530129	f	664	robodojo	robodojo
hy_vla/hy_vla_robodojo_umi_2gpu_20260727_114427/6999/model/tokenizer_config.json	168467	f	664	robodojo	robodojo
hy_vla/hy_vla_robodojo_umi_2gpu_20260727_114427/7999/model/chat_template.jinja	5826	f	664	robodojo	robodojo
hy_vla/hy_vla_robodojo_umi_2gpu_20260727_114427/7999/model/config.json	3463	f	664	robodojo	robodojo
hy_vla/hy_vla_robodojo_umi_2gpu_20260727_114427/7999/model/model.safetensors	9053587152	f	660	robodojo	robodojo
hy_vla/hy_vla_robodojo_umi_2gpu_20260727_114427/7999/model/special_tokens_map.json	488	f	664	robodojo	robodojo
hy_vla/hy_vla_robodojo_umi_2gpu_20260727_114427/7999/model/tokenizer.json	9530129	f	664	robodojo	robodojo
hy_vla/hy_vla_robodojo_umi_2gpu_20260727_114427/7999/model/tokenizer_config.json	168467	f	664	robodojo	robodojo
hy_vla/hy_vla_robodojo_umi_2gpu_20260727_114427/8999/model/chat_template.jinja	5826	f	664	robodojo	robodojo
hy_vla/hy_vla_robodojo_umi_2gpu_20260727_114427/8999/model/config.json	3463	f	664	robodojo	robodojo
hy_vla/hy_vla_robodojo_umi_2gpu_20260727_114427/8999/model/model.safetensors	9053587152	f	660	robodojo	robodojo
hy_vla/hy_vla_robodojo_umi_2gpu_20260727_114427/8999/model/special_tokens_map.json	488	f	664	robodojo	robodojo
hy_vla/hy_vla_robodojo_umi_2gpu_20260727_114427/8999/model/tokenizer.json	9530129	f	664	robodojo	robodojo
hy_vla/hy_vla_robodojo_umi_2gpu_20260727_114427/8999/model/tokenizer_config.json	168467	f	664	robodojo	robodojo
hy_vla/hy_vla_robodojo_umi_2gpu_20260727_114427/999/model/chat_template.jinja	5826	f	664	robodojo	robodojo
hy_vla/hy_vla_robodojo_umi_2gpu_20260727_114427/999/model/config.json	3463	f	664	robodojo	robodojo
hy_vla/hy_vla_robodojo_umi_2gpu_20260727_114427/999/model/model.safetensors	9053587152	f	660	robodojo	robodojo
hy_vla/hy_vla_robodojo_umi_2gpu_20260727_114427/999/model/special_tokens_map.json	488	f	664	robodojo	robodojo
hy_vla/hy_vla_robodojo_umi_2gpu_20260727_114427/999/model/tokenizer.json	9530129	f	664	robodojo	robodojo
hy_vla/hy_vla_robodojo_umi_2gpu_20260727_114427/999/model/tokenizer_config.json	168467	f	664	robodojo	robodojo
hy_vla/hy_vla_robodojo_umi_2gpu_20260727_114427/9999/model/chat_template.jinja	5826	f	664	robodojo	robodojo
hy_vla/hy_vla_robodojo_umi_2gpu_20260727_114427/9999/model/config.json	3463	f	664	robodojo	robodojo
hy_vla/hy_vla_robodojo_umi_2gpu_20260727_114427/9999/model/model.safetensors	9053587152	f	660	robodojo	robodojo
hy_vla/hy_vla_robodojo_umi_2gpu_20260727_114427/9999/model/special_tokens_map.json	488	f	664	robodojo	robodojo
hy_vla/hy_vla_robodojo_umi_2gpu_20260727_114427/9999/model/tokenizer.json	9530129	f	664	robodojo	robodojo
hy_vla/hy_vla_robodojo_umi_2gpu_20260727_114427/9999/model/tokenizer_config.json	168467	f	664	robodojo	robodojo
hy_vla/hy_vla_robodojo_umi_2gpu_20260727_114427/base.yaml	1825	f	664	robodojo	robodojo
hy_vla/hy_vla_robodojo_umi_2gpu_20260727_114427/final/model/chat_template.jinja	5826	f	664	robodojo	robodojo
hy_vla/hy_vla_robodojo_umi_2gpu_20260727_114427/final/model/config.json	3463	f	664	robodojo	robodojo
hy_vla/hy_vla_robodojo_umi_2gpu_20260727_114427/final/model/model.safetensors	9053587152	f	660	robodojo	robodojo
hy_vla/hy_vla_robodojo_umi_2gpu_20260727_114427/final/model/special_tokens_map.json	488	f	664	robodojo	robodojo
hy_vla/hy_vla_robodojo_umi_2gpu_20260727_114427/final/model/tokenizer.json	9530129	f	664	robodojo	robodojo
hy_vla/hy_vla_robodojo_umi_2gpu_20260727_114427/final/model/tokenizer_config.json	168467	f	664	robodojo	robodojo
hy_vla/hy_vla_robodojo_umi_2gpu_20260727_114427/wandb_run_info.json	148	f	664	robodojo	robodojo
hy_vla/robodojo_umi/norm_stats.pkl	8581	f	664	robodojo	robodojo
